{"cameraMode":{"drawMode":0,"name":"Shaded","section":"Shading Mode"},"sceneLighting":true,"audioPlay":false,"sceneViewState":{"m_AlwaysRefresh":false,"showFog":true,"showSkybox":true,"showFlares":true,"showImageEffects":true,"showParticleSystems":true,"showVisualEffectGraphs":true,"m_FxEnabled":true},"in2DMode":false,"pivot":{"x":114.13058471679688,"y":89.5328598022461,"z":14.734176635742188},"rotation":{"x":0.00020934689382556826,"y":0.9979919791221619,"z":-0.003302937839180231,"w":0.06325875222682953},"size":111.52326965332031,"orthographic":false}